position-relative href,img-fluid src,product-brand-name,link,color-mine-shaft,label,item-price,quick-view-add,sr-only,sr-only (2),label (2),item-price (2),d-inline-block,swatch-circle src,swatch-circle src (2),swatch-circle src (3),dash,quick-view-modal,btn href,btn
https://pro.westmarine.com/starlink-standard-4-x-20988945.html,https://pro.westmarine.com/dw/image/v2/BGFG_PRD/on/demandware.static/-/Sites-wm-master-catalog/default/dw978614d1/images/orig/20988945.jpg?sw=316&sh=316,STARLINK,Standard 4 X,5,Your Price:,$349.00,ADD TO CART,,,,,,,,,,,,
https://pro.westmarine.com/garmin-gpsmap-943xsv-multifunction-display-with-us-and-canada-navionics%2B-charts-20696712.html,https://pro.westmarine.com/dw/image/v2/BGFG_PRD/on/demandware.static/-/Sites-wm-master-catalog/default/dw48db6ca3/images/orig/20696712.jpg?sw=316&sh=316,GARMIN,GPSMAP® 943xsv Multifunction Display with US and Canada Navionics+ Charts,19,Suggested Price:,"$1,599.99",ADD TO CART,Price reduced from,to,Your Price:,"$1,347.36",,,,,,,,
https://pro.westmarine.com/seipel-marine-3-8inch-dock-line---10ft-24209512.html,,SEIPEL MARINE,"3/8"" Dock Line - 10ft",,Suggested Price:,$38.99,ADD TO CART,Price reduced from,to,Your Price:,$35.09,NEW,,,,,,,
https://pro.westmarine.com/west-marine-bottomshield-antifouling-paint-P017144957.html?dwvar_P017144957_variant_filter_2=1%20Gallon&dwvar_P017144957_color=Blue,,WEST MARINE,BottomShield Antifouling Paint,166,,$41.38,,,,,$89.66,,https://pro.westmarine.com/on/demandware.static/-/Sites-wm-master-catalog/default/dwb7103c6e/images/swatch/RED-SNAPPER.png,https://pro.westmarine.com/on/demandware.static/-/Sites-wm-master-catalog/default/dw45b4d464/images/swatch/BLACK-DIOS-MIO.png,https://pro.westmarine.com/on/demandware.static/-/Sites-wm-master-catalog/default/dwbe852d1b/images/swatch/GLACIER-BLUE.png,-,ADD TO CART,,
https://pro.westmarine.com/west-marine-group-24-starting-marine-battery-800-cold-cranking-amps-1000-marine-cranking-amps-130-reserve-minutes-15020118.html,,WEST MARINE,"Group 24 Starting Marine Battery, 800 Cold Cranking Amps, 1,000 Marine Cranking Amps, 130 Reserve Minutes",80,Suggested Price:,$159.99,,Price reduced from,to,Your Price:,$134.38,,,,,,,https://pro.westmarine.com/west-marine-group-24-starting-marine-battery-800-cold-cranking-amps-1000-marine-cranking-amps-130-reserve-minutes-15020118.html,ADD TO CART
https://pro.westmarine.com/garmin-echomap-uhd2-94sv-fishfinder-chartplotter-combo-with-gt56-transducer-and-u.s.-coastal-navionics%2B-charts-20744066.html,,GARMIN,ECHOMAP™ UHD2 94sv Fishfinder/Chartplotter Combo with GT56 Transducer and U.S. Coastal Navionics+ Charts,17,Suggested Price:,"$1,399.99",ADD TO CART,Price reduced from,to,Your Price:,"$1,178.94",,,,,,,,
https://pro.westmarine.com/west-marine-adult-men-s-type-iii-neoprene-flex-back-rapid-dry-vest-pfds-P020903746.html?dwvar_P020903746_variant_filter_1=Adult%20Medium,,WEST MARINE,Adult Men's Type III Neoprene Flex Back Rapid-Dry Vest PFDs,,Suggested Price:,$79.99,,Price reduced from,to,Your Price:,$71.99,,,,,,ADD TO CART,,
https://pro.westmarine.com/rockford-fosgate-m1-color-optix-marine-2-way-speakers-pair-P021028089.html?dwvar_P021028089_color=White&dwvar_P021028089_variant_filter_1=6.5%22%202-Way%20Speakers%2C%2075%20Watts%20RMS%2C%20300%20Watts%20Peak,,ROCKFORD FOSGATE,"M1 Color Optix™ Marine 2-Way Speakers, Pair",1,,$170.42,,,,,$238.03,,https://pro.westmarine.com/on/demandware.static/-/Sites-wm-master-catalog/default/dwcee82351/images/swatch/WHITE-DIOS-MIO.png,https://pro.westmarine.com/on/demandware.static/-/Sites-wm-master-catalog/default/dw45b4d464/images/swatch/BLACK-DIOS-MIO.png,,-,ADD TO CART,,
https://pro.westmarine.com/starlink-mini-kit-21194634.html,,STARLINK,Mini Kit,11,Your Price:,$249.00,ADD TO CART,,,,,,,,,,,,
https://pro.westmarine.com/simrad-go9-xse-multifunction-display-with-83-200-transducer-and-c-map-discover-charts-21013198.html,,SIMRAD,GO9 XSE Multifunction Display with 83/200 Transducer and C-MAP Discover Charts,46,Suggested Price:,$799.00,ADD TO CART,Price reduced from,to,Your Price:,$625.85,,,,,,,,
https://pro.westmarine.com/west-marine-cpp-ablative-antifouling-paint-with-cct-gallon-P004_121_001_514.html?dwvar_P004__121__001__514_color=Red,,WEST MARINE,"CPP Ablative Antifouling Paint with CCT, Gallon",622,Suggested Price:,$169.99,,Price reduced from,to,Your Price:,$108.62,,https://pro.westmarine.com/on/demandware.static/-/Sites-wm-master-catalog/default/dwbc9082ab/images/swatch/RED-ELEMENT.png,https://pro.westmarine.com/on/demandware.static/-/Sites-wm-master-catalog/default/dw45b4d464/images/swatch/BLACK-DIOS-MIO.png,https://pro.westmarine.com/on/demandware.static/-/Sites-wm-master-catalog/default/dwde227e17/images/swatch/Paint_BLUE.png,,ADD TO CART,,
https://pro.westmarine.com/west-marine-group-31-dual-purpose-marine-agm-battery-105-amp-hours-800-cold-cranking-amps-1000-marine-cranking-amps-200-reserve-minutes-15020258.html,,WEST MARINE,"Group 31 Dual Purpose Marine AGM Battery, 105 Amp Hours, 800 Cold Cranking Amps, 1,000 Marine Cranking Amps, 200 Reserve Minutes",64,Suggested Price:,$419.99,,Price reduced from,to,Your Price:,$273.75,,,,,,,https://pro.westmarine.com/west-marine-group-31-dual-purpose-marine-agm-battery-105-amp-hours-800-cold-cranking-amps-1000-marine-cranking-amps-200-reserve-minutes-15020258.html,ADD TO CART
https://pro.westmarine.com/starlink-standard-4-x-20988945.html,https://pro.westmarine.com/dw/image/v2/BGFG_PRD/on/demandware.static/-/Sites-wm-master-catalog/default/dw978614d1/images/orig/20988945.jpg?sw=316&sh=316,STARLINK,Standard 4 X,5,Your Price:,$349.00,ADD TO CART,,,,,,,,,,,,
https://pro.westmarine.com/garmin-gpsmap-943xsv-multifunction-display-with-us-and-canada-navionics%2B-charts-20696712.html,https://pro.westmarine.com/dw/image/v2/BGFG_PRD/on/demandware.static/-/Sites-wm-master-catalog/default/dw48db6ca3/images/orig/20696712.jpg?sw=316&sh=316,GARMIN,GPSMAP® 943xsv Multifunction Display with US and Canada Navionics+ Charts,19,Suggested Price:,"$1,599.99",ADD TO CART,Price reduced from,to,Your Price:,"$1,347.36",,,,,,,,
https://pro.westmarine.com/seipel-marine-3-8inch-dock-line---10ft-24209512.html,,SEIPEL MARINE,"3/8"" Dock Line - 10ft",,Suggested Price:,$38.99,ADD TO CART,Price reduced from,to,Your Price:,$35.09,NEW,,,,,,,
https://pro.westmarine.com/west-marine-bottomshield-antifouling-paint-P017144957.html?dwvar_P017144957_variant_filter_2=1%20Gallon&dwvar_P017144957_color=Blue,,WEST MARINE,BottomShield Antifouling Paint,166,,$41.38,,,,,$89.66,,https://pro.westmarine.com/on/demandware.static/-/Sites-wm-master-catalog/default/dwb7103c6e/images/swatch/RED-SNAPPER.png,https://pro.westmarine.com/on/demandware.static/-/Sites-wm-master-catalog/default/dw45b4d464/images/swatch/BLACK-DIOS-MIO.png,https://pro.westmarine.com/on/demandware.static/-/Sites-wm-master-catalog/default/dwbe852d1b/images/swatch/GLACIER-BLUE.png,-,ADD TO CART,,
https://pro.westmarine.com/west-marine-group-24-starting-marine-battery-800-cold-cranking-amps-1000-marine-cranking-amps-130-reserve-minutes-15020118.html,,WEST MARINE,"Group 24 Starting Marine Battery, 800 Cold Cranking Amps, 1,000 Marine Cranking Amps, 130 Reserve Minutes",80,Suggested Price:,$159.99,,Price reduced from,to,Your Price:,$134.38,,,,,,,https://pro.westmarine.com/west-marine-group-24-starting-marine-battery-800-cold-cranking-amps-1000-marine-cranking-amps-130-reserve-minutes-15020118.html,ADD TO CART
https://pro.westmarine.com/garmin-echomap-uhd2-94sv-fishfinder-chartplotter-combo-with-gt56-transducer-and-u.s.-coastal-navionics%2B-charts-20744066.html,,GARMIN,ECHOMAP™ UHD2 94sv Fishfinder/Chartplotter Combo with GT56 Transducer and U.S. Coastal Navionics+ Charts,17,Suggested Price:,"$1,399.99",ADD TO CART,Price reduced from,to,Your Price:,"$1,178.94",,,,,,,,
https://pro.westmarine.com/west-marine-adult-men-s-type-iii-neoprene-flex-back-rapid-dry-vest-pfds-P020903746.html?dwvar_P020903746_variant_filter_1=Adult%20Medium,,WEST MARINE,Adult Men's Type III Neoprene Flex Back Rapid-Dry Vest PFDs,,Suggested Price:,$79.99,,Price reduced from,to,Your Price:,$71.99,,,,,,ADD TO CART,,
https://pro.westmarine.com/rockford-fosgate-m1-color-optix-marine-2-way-speakers-pair-P021028089.html?dwvar_P021028089_color=White&dwvar_P021028089_variant_filter_1=6.5%22%202-Way%20Speakers%2C%2075%20Watts%20RMS%2C%20300%20Watts%20Peak,,ROCKFORD FOSGATE,"M1 Color Optix™ Marine 2-Way Speakers, Pair",1,,$170.42,,,,,$238.03,,https://pro.westmarine.com/on/demandware.static/-/Sites-wm-master-catalog/default/dwcee82351/images/swatch/WHITE-DIOS-MIO.png,https://pro.westmarine.com/on/demandware.static/-/Sites-wm-master-catalog/default/dw45b4d464/images/swatch/BLACK-DIOS-MIO.png,,-,ADD TO CART,,
https://pro.westmarine.com/starlink-mini-kit-21194634.html,,STARLINK,Mini Kit,11,Your Price:,$249.00,ADD TO CART,,,,,,,,,,,,
https://pro.westmarine.com/simrad-go9-xse-multifunction-display-with-83-200-transducer-and-c-map-discover-charts-21013198.html,,SIMRAD,GO9 XSE Multifunction Display with 83/200 Transducer and C-MAP Discover Charts,46,Suggested Price:,$799.00,ADD TO CART,Price reduced from,to,Your Price:,$625.85,,,,,,,,
https://pro.westmarine.com/west-marine-cpp-ablative-antifouling-paint-with-cct-gallon-P004_121_001_514.html?dwvar_P004__121__001__514_color=Red,,WEST MARINE,"CPP Ablative Antifouling Paint with CCT, Gallon",622,Suggested Price:,$169.99,,Price reduced from,to,Your Price:,$108.62,,https://pro.westmarine.com/on/demandware.static/-/Sites-wm-master-catalog/default/dwbc9082ab/images/swatch/RED-ELEMENT.png,https://pro.westmarine.com/on/demandware.static/-/Sites-wm-master-catalog/default/dw45b4d464/images/swatch/BLACK-DIOS-MIO.png,https://pro.westmarine.com/on/demandware.static/-/Sites-wm-master-catalog/default/dwde227e17/images/swatch/Paint_BLUE.png,,ADD TO CART,,
https://pro.westmarine.com/west-marine-group-31-dual-purpose-marine-agm-battery-105-amp-hours-800-cold-cranking-amps-1000-marine-cranking-amps-200-reserve-minutes-15020258.html,,WEST MARINE,"Group 31 Dual Purpose Marine AGM Battery, 105 Amp Hours, 800 Cold Cranking Amps, 1,000 Marine Cranking Amps, 200 Reserve Minutes",64,Suggested Price:,$419.99,,Price reduced from,to,Your Price:,$273.75,,,,,,,https://pro.westmarine.com/west-marine-group-31-dual-purpose-marine-agm-battery-105-amp-hours-800-cold-cranking-amps-1000-marine-cranking-amps-200-reserve-minutes-15020258.html,ADD TO CART
https://pro.westmarine.com/starlink-standard-4-x-20988945.html,https://pro.westmarine.com/dw/image/v2/BGFG_PRD/on/demandware.static/-/Sites-wm-master-catalog/default/dw978614d1/images/orig/20988945.jpg?sw=316&sh=316,STARLINK,Standard 4 X,5,Your Price:,$349.00,ADD TO CART,,,,,,,,,,,,
https://pro.westmarine.com/garmin-gpsmap-943xsv-multifunction-display-with-us-and-canada-navionics%2B-charts-20696712.html,https://pro.westmarine.com/dw/image/v2/BGFG_PRD/on/demandware.static/-/Sites-wm-master-catalog/default/dw48db6ca3/images/orig/20696712.jpg?sw=316&sh=316,GARMIN,GPSMAP® 943xsv Multifunction Display with US and Canada Navionics+ Charts,19,Suggested Price:,"$1,599.99",ADD TO CART,Price reduced from,to,Your Price:,"$1,347.36",,,,,,,,
https://pro.westmarine.com/seipel-marine-3-8inch-dock-line---10ft-24209512.html,,SEIPEL MARINE,"3/8"" Dock Line - 10ft",,Suggested Price:,$38.99,ADD TO CART,Price reduced from,to,Your Price:,$35.09,NEW,,,,,,,
https://pro.westmarine.com/west-marine-bottomshield-antifouling-paint-P017144957.html?dwvar_P017144957_variant_filter_2=1%20Gallon&dwvar_P017144957_color=Blue,,WEST MARINE,BottomShield Antifouling Paint,166,,$41.38,,,,,$89.66,,https://pro.westmarine.com/on/demandware.static/-/Sites-wm-master-catalog/default/dwb7103c6e/images/swatch/RED-SNAPPER.png,https://pro.westmarine.com/on/demandware.static/-/Sites-wm-master-catalog/default/dw45b4d464/images/swatch/BLACK-DIOS-MIO.png,https://pro.westmarine.com/on/demandware.static/-/Sites-wm-master-catalog/default/dwbe852d1b/images/swatch/GLACIER-BLUE.png,-,ADD TO CART,,
https://pro.westmarine.com/west-marine-group-24-starting-marine-battery-800-cold-cranking-amps-1000-marine-cranking-amps-130-reserve-minutes-15020118.html,,WEST MARINE,"Group 24 Starting Marine Battery, 800 Cold Cranking Amps, 1,000 Marine Cranking Amps, 130 Reserve Minutes",80,Suggested Price:,$159.99,,Price reduced from,to,Your Price:,$134.38,,,,,,,https://pro.westmarine.com/west-marine-group-24-starting-marine-battery-800-cold-cranking-amps-1000-marine-cranking-amps-130-reserve-minutes-15020118.html,ADD TO CART
https://pro.westmarine.com/garmin-echomap-uhd2-94sv-fishfinder-chartplotter-combo-with-gt56-transducer-and-u.s.-coastal-navionics%2B-charts-20744066.html,,GARMIN,ECHOMAP™ UHD2 94sv Fishfinder/Chartplotter Combo with GT56 Transducer and U.S. Coastal Navionics+ Charts,17,Suggested Price:,"$1,399.99",ADD TO CART,Price reduced from,to,Your Price:,"$1,178.94",,,,,,,,
https://pro.westmarine.com/west-marine-adult-men-s-type-iii-neoprene-flex-back-rapid-dry-vest-pfds-P020903746.html?dwvar_P020903746_variant_filter_1=Adult%20Medium,,WEST MARINE,Adult Men's Type III Neoprene Flex Back Rapid-Dry Vest PFDs,,Suggested Price:,$79.99,,Price reduced from,to,Your Price:,$71.99,,,,,,ADD TO CART,,
https://pro.westmarine.com/rockford-fosgate-m1-color-optix-marine-2-way-speakers-pair-P021028089.html?dwvar_P021028089_color=White&dwvar_P021028089_variant_filter_1=6.5%22%202-Way%20Speakers%2C%2075%20Watts%20RMS%2C%20300%20Watts%20Peak,,ROCKFORD FOSGATE,"M1 Color Optix™ Marine 2-Way Speakers, Pair",1,,$170.42,,,,,$238.03,,https://pro.westmarine.com/on/demandware.static/-/Sites-wm-master-catalog/default/dwcee82351/images/swatch/WHITE-DIOS-MIO.png,https://pro.westmarine.com/on/demandware.static/-/Sites-wm-master-catalog/default/dw45b4d464/images/swatch/BLACK-DIOS-MIO.png,,-,ADD TO CART,,
https://pro.westmarine.com/starlink-mini-kit-21194634.html,,STARLINK,Mini Kit,11,Your Price:,$249.00,ADD TO CART,,,,,,,,,,,,
https://pro.westmarine.com/simrad-go9-xse-multifunction-display-with-83-200-transducer-and-c-map-discover-charts-21013198.html,,SIMRAD,GO9 XSE Multifunction Display with 83/200 Transducer and C-MAP Discover Charts,46,Suggested Price:,$799.00,ADD TO CART,Price reduced from,to,Your Price:,$625.85,,,,,,,,
https://pro.westmarine.com/west-marine-cpp-ablative-antifouling-paint-with-cct-gallon-P004_121_001_514.html?dwvar_P004__121__001__514_color=Red,,WEST MARINE,"CPP Ablative Antifouling Paint with CCT, Gallon",622,Suggested Price:,$169.99,,Price reduced from,to,Your Price:,$108.62,,https://pro.westmarine.com/on/demandware.static/-/Sites-wm-master-catalog/default/dwbc9082ab/images/swatch/RED-ELEMENT.png,https://pro.westmarine.com/on/demandware.static/-/Sites-wm-master-catalog/default/dw45b4d464/images/swatch/BLACK-DIOS-MIO.png,https://pro.westmarine.com/on/demandware.static/-/Sites-wm-master-catalog/default/dwde227e17/images/swatch/Paint_BLUE.png,,ADD TO CART,,
https://pro.westmarine.com/west-marine-group-31-dual-purpose-marine-agm-battery-105-amp-hours-800-cold-cranking-amps-1000-marine-cranking-amps-200-reserve-minutes-15020258.html,,WEST MARINE,"Group 31 Dual Purpose Marine AGM Battery, 105 Amp Hours, 800 Cold Cranking Amps, 1,000 Marine Cranking Amps, 200 Reserve Minutes",64,Suggested Price:,$419.99,,Price reduced from,to,Your Price:,$273.75,,,,,,,https://pro.westmarine.com/west-marine-group-31-dual-purpose-marine-agm-battery-105-amp-hours-800-cold-cranking-amps-1000-marine-cranking-amps-200-reserve-minutes-15020258.html,ADD TO CART
https://pro.westmarine.com/starlink-standard-4-x-20988945.html,https://pro.westmarine.com/dw/image/v2/BGFG_PRD/on/demandware.static/-/Sites-wm-master-catalog/default/dw978614d1/images/orig/20988945.jpg?sw=316&sh=316,STARLINK,Standard 4 X,5,Your Price:,$349.00,ADD TO CART,,,,,,,,,,,,
https://pro.westmarine.com/garmin-gpsmap-943xsv-multifunction-display-with-us-and-canada-navionics%2B-charts-20696712.html,https://pro.westmarine.com/dw/image/v2/BGFG_PRD/on/demandware.static/-/Sites-wm-master-catalog/default/dw48db6ca3/images/orig/20696712.jpg?sw=316&sh=316,GARMIN,GPSMAP® 943xsv Multifunction Display with US and Canada Navionics+ Charts,19,Suggested Price:,"$1,599.99",ADD TO CART,Price reduced from,to,Your Price:,"$1,347.36",,,,,,,,
https://pro.westmarine.com/seipel-marine-3-8inch-dock-line---10ft-24209512.html,,SEIPEL MARINE,"3/8"" Dock Line - 10ft",,Suggested Price:,$38.99,ADD TO CART,Price reduced from,to,Your Price:,$35.09,NEW,,,,,,,
https://pro.westmarine.com/west-marine-bottomshield-antifouling-paint-P017144957.html?dwvar_P017144957_variant_filter_2=1%20Gallon&dwvar_P017144957_color=Blue,,WEST MARINE,BottomShield Antifouling Paint,166,,$41.38,,,,,$89.66,,https://pro.westmarine.com/on/demandware.static/-/Sites-wm-master-catalog/default/dwb7103c6e/images/swatch/RED-SNAPPER.png,https://pro.westmarine.com/on/demandware.static/-/Sites-wm-master-catalog/default/dw45b4d464/images/swatch/BLACK-DIOS-MIO.png,https://pro.westmarine.com/on/demandware.static/-/Sites-wm-master-catalog/default/dwbe852d1b/images/swatch/GLACIER-BLUE.png,-,ADD TO CART,,
https://pro.westmarine.com/west-marine-group-24-starting-marine-battery-800-cold-cranking-amps-1000-marine-cranking-amps-130-reserve-minutes-15020118.html,,WEST MARINE,"Group 24 Starting Marine Battery, 800 Cold Cranking Amps, 1,000 Marine Cranking Amps, 130 Reserve Minutes",80,Suggested Price:,$159.99,,Price reduced from,to,Your Price:,$134.38,,,,,,,https://pro.westmarine.com/west-marine-group-24-starting-marine-battery-800-cold-cranking-amps-1000-marine-cranking-amps-130-reserve-minutes-15020118.html,ADD TO CART
https://pro.westmarine.com/garmin-echomap-uhd2-94sv-fishfinder-chartplotter-combo-with-gt56-transducer-and-u.s.-coastal-navionics%2B-charts-20744066.html,,GARMIN,ECHOMAP™ UHD2 94sv Fishfinder/Chartplotter Combo with GT56 Transducer and U.S. Coastal Navionics+ Charts,17,Suggested Price:,"$1,399.99",ADD TO CART,Price reduced from,to,Your Price:,"$1,178.94",,,,,,,,
https://pro.westmarine.com/west-marine-adult-men-s-type-iii-neoprene-flex-back-rapid-dry-vest-pfds-P020903746.html?dwvar_P020903746_variant_filter_1=Adult%20Medium,,WEST MARINE,Adult Men's Type III Neoprene Flex Back Rapid-Dry Vest PFDs,,Suggested Price:,$79.99,,Price reduced from,to,Your Price:,$71.99,,,,,,ADD TO CART,,
https://pro.westmarine.com/rockford-fosgate-m1-color-optix-marine-2-way-speakers-pair-P021028089.html?dwvar_P021028089_color=White&dwvar_P021028089_variant_filter_1=6.5%22%202-Way%20Speakers%2C%2075%20Watts%20RMS%2C%20300%20Watts%20Peak,,ROCKFORD FOSGATE,"M1 Color Optix™ Marine 2-Way Speakers, Pair",1,,$170.42,,,,,$238.03,,https://pro.westmarine.com/on/demandware.static/-/Sites-wm-master-catalog/default/dwcee82351/images/swatch/WHITE-DIOS-MIO.png,https://pro.westmarine.com/on/demandware.static/-/Sites-wm-master-catalog/default/dw45b4d464/images/swatch/BLACK-DIOS-MIO.png,,-,ADD TO CART,,
https://pro.westmarine.com/starlink-mini-kit-21194634.html,,STARLINK,Mini Kit,11,Your Price:,$249.00,ADD TO CART,,,,,,,,,,,,
https://pro.westmarine.com/simrad-go9-xse-multifunction-display-with-83-200-transducer-and-c-map-discover-charts-21013198.html,,SIMRAD,GO9 XSE Multifunction Display with 83/200 Transducer and C-MAP Discover Charts,46,Suggested Price:,$799.00,ADD TO CART,Price reduced from,to,Your Price:,$625.85,,,,,,,,
https://pro.westmarine.com/west-marine-cpp-ablative-antifouling-paint-with-cct-gallon-P004_121_001_514.html?dwvar_P004__121__001__514_color=Red,,WEST MARINE,"CPP Ablative Antifouling Paint with CCT, Gallon",622,Suggested Price:,$169.99,,Price reduced from,to,Your Price:,$108.62,,https://pro.westmarine.com/on/demandware.static/-/Sites-wm-master-catalog/default/dwbc9082ab/images/swatch/RED-ELEMENT.png,https://pro.westmarine.com/on/demandware.static/-/Sites-wm-master-catalog/default/dw45b4d464/images/swatch/BLACK-DIOS-MIO.png,https://pro.westmarine.com/on/demandware.static/-/Sites-wm-master-catalog/default/dwde227e17/images/swatch/Paint_BLUE.png,,ADD TO CART,,
https://pro.westmarine.com/west-marine-group-31-dual-purpose-marine-agm-battery-105-amp-hours-800-cold-cranking-amps-1000-marine-cranking-amps-200-reserve-minutes-15020258.html,,WEST MARINE,"Group 31 Dual Purpose Marine AGM Battery, 105 Amp Hours, 800 Cold Cranking Amps, 1,000 Marine Cranking Amps, 200 Reserve Minutes",64,Suggested Price:,$419.99,,Price reduced from,to,Your Price:,$273.75,,,,,,,https://pro.westmarine.com/west-marine-group-31-dual-purpose-marine-agm-battery-105-amp-hours-800-cold-cranking-amps-1000-marine-cranking-amps-200-reserve-minutes-15020258.html,ADD TO CART
https://pro.westmarine.com/starlink-standard-4-x-20988945.html,https://pro.westmarine.com/dw/image/v2/BGFG_PRD/on/demandware.static/-/Sites-wm-master-catalog/default/dw978614d1/images/orig/20988945.jpg?sw=316&sh=316,STARLINK,Standard 4 X,5,Your Price:,$349.00,ADD TO CART,,,,,,,,,,,,
https://pro.westmarine.com/garmin-gpsmap-943xsv-multifunction-display-with-us-and-canada-navionics%2B-charts-20696712.html,https://pro.westmarine.com/dw/image/v2/BGFG_PRD/on/demandware.static/-/Sites-wm-master-catalog/default/dw48db6ca3/images/orig/20696712.jpg?sw=316&sh=316,GARMIN,GPSMAP® 943xsv Multifunction Display with US and Canada Navionics+ Charts,19,Suggested Price:,"$1,599.99",ADD TO CART,Price reduced from,to,Your Price:,"$1,347.36",,,,,,,,
https://pro.westmarine.com/seipel-marine-3-8inch-dock-line---10ft-24209512.html,,SEIPEL MARINE,"3/8"" Dock Line - 10ft",,Suggested Price:,$38.99,ADD TO CART,Price reduced from,to,Your Price:,$35.09,NEW,,,,,,,
https://pro.westmarine.com/west-marine-bottomshield-antifouling-paint-P017144957.html?dwvar_P017144957_variant_filter_2=1%20Gallon&dwvar_P017144957_color=Blue,,WEST MARINE,BottomShield Antifouling Paint,166,,$41.38,,,,,$89.66,,https://pro.westmarine.com/on/demandware.static/-/Sites-wm-master-catalog/default/dwb7103c6e/images/swatch/RED-SNAPPER.png,https://pro.westmarine.com/on/demandware.static/-/Sites-wm-master-catalog/default/dw45b4d464/images/swatch/BLACK-DIOS-MIO.png,https://pro.westmarine.com/on/demandware.static/-/Sites-wm-master-catalog/default/dwbe852d1b/images/swatch/GLACIER-BLUE.png,-,ADD TO CART,,
https://pro.westmarine.com/west-marine-group-24-starting-marine-battery-800-cold-cranking-amps-1000-marine-cranking-amps-130-reserve-minutes-15020118.html,,WEST MARINE,"Group 24 Starting Marine Battery, 800 Cold Cranking Amps, 1,000 Marine Cranking Amps, 130 Reserve Minutes",80,Suggested Price:,$159.99,,Price reduced from,to,Your Price:,$134.38,,,,,,,https://pro.westmarine.com/west-marine-group-24-starting-marine-battery-800-cold-cranking-amps-1000-marine-cranking-amps-130-reserve-minutes-15020118.html,ADD TO CART
https://pro.westmarine.com/garmin-echomap-uhd2-94sv-fishfinder-chartplotter-combo-with-gt56-transducer-and-u.s.-coastal-navionics%2B-charts-20744066.html,,GARMIN,ECHOMAP™ UHD2 94sv Fishfinder/Chartplotter Combo with GT56 Transducer and U.S. Coastal Navionics+ Charts,17,Suggested Price:,"$1,399.99",ADD TO CART,Price reduced from,to,Your Price:,"$1,178.94",,,,,,,,
https://pro.westmarine.com/west-marine-adult-men-s-type-iii-neoprene-flex-back-rapid-dry-vest-pfds-P020903746.html?dwvar_P020903746_variant_filter_1=Adult%20Medium,,WEST MARINE,Adult Men's Type III Neoprene Flex Back Rapid-Dry Vest PFDs,,Suggested Price:,$79.99,,Price reduced from,to,Your Price:,$71.99,,,,,,ADD TO CART,,
https://pro.westmarine.com/rockford-fosgate-m1-color-optix-marine-2-way-speakers-pair-P021028089.html?dwvar_P021028089_color=White&dwvar_P021028089_variant_filter_1=6.5%22%202-Way%20Speakers%2C%2075%20Watts%20RMS%2C%20300%20Watts%20Peak,,ROCKFORD FOSGATE,"M1 Color Optix™ Marine 2-Way Speakers, Pair",1,,$170.42,,,,,$238.03,,https://pro.westmarine.com/on/demandware.static/-/Sites-wm-master-catalog/default/dwcee82351/images/swatch/WHITE-DIOS-MIO.png,https://pro.westmarine.com/on/demandware.static/-/Sites-wm-master-catalog/default/dw45b4d464/images/swatch/BLACK-DIOS-MIO.png,,-,ADD TO CART,,
https://pro.westmarine.com/starlink-mini-kit-21194634.html,,STARLINK,Mini Kit,11,Your Price:,$249.00,ADD TO CART,,,,,,,,,,,,
https://pro.westmarine.com/simrad-go9-xse-multifunction-display-with-83-200-transducer-and-c-map-discover-charts-21013198.html,,SIMRAD,GO9 XSE Multifunction Display with 83/200 Transducer and C-MAP Discover Charts,46,Suggested Price:,$799.00,ADD TO CART,Price reduced from,to,Your Price:,$625.85,,,,,,,,
